-- 开始初始化数据 ;

INSERT INTO configs
VALUES (1, '皮肤样式', 'theme', '#1890ff', 'Y', '0',
        '主框架页-默认皮肤样式名称:蓝色、绿色、紫色、红色、黄色', '2021-05-13 19:56:37.913',
        '2021-06-05 13:50:13.123', NULL),
       (2, '侧栏主题', 'themeStyle', 'dark', 'Y', '0', '主框架页-侧边栏主题:深色主题dark，浅色主题light',
        '2021-05-13 19:56:37.913', '2021-05-13 19:56:37.913', NULL),
       (3, '系统名称', 'sys_app_name', '管理系统', 'Y', '1', '', '2021-03-17 08:52:06.067', '2021-05-28 10:08:25.248', NULL),
       (4, '系统logo', 'sys_app_logo', '', 'Y', '1', '', '2021-03-17 08:53:19.462', '2021-03-17 08:53:19.462', NULL);


INSERT INTO menus (id, menu_name, title, icon, path, paths, menu_type, `action`, permission, parent_id, no_cache,
                   breadcrumb, component, sort, visible, is_frame, created_at, updated_at, deleted_at)
VALUES (2, 'Admin', '系统管理', 'api-server', '/admin', '/0/2', 'M', '无', '', 0, 1, '', 'Layout', 10, 0, 1,
        '2021-05-20 21:58:45.679', '2021-06-17 11:48:40.703', NULL),
       (3, 'SysUserManage', '用户管理', 'user', '/admin/sys-user', '/0/2/3', 'C', '无', 'admin:sysUser:list', 2, 0, '',
        '/admin/sys-user/index', 10, 0, 1, '2021-05-20 22:08:44.526', '2021-06-17 20:31:14.305', NULL),
       (43, '', '新增管理员', 'app-group-fill', '', '/0/2/3/43', 'F', 'POST', 'admin:sysUser:add', 3, 0, '', '', 10, 0, 1,
        '2021-05-20 22:08:44.526', '2021-06-17 20:31:14.305', NULL),
       (44, '', '查询管理员', 'app-group-fill', '', '/0/2/3/44', 'F', 'GET', 'admin:sysUser:query', 3, 0, '', '', 40, 0, 1,
        '2021-05-20 22:08:44.526', '2021-06-17 20:31:14.305', NULL),
       (45, '', '修改管理员', 'app-group-fill', '', '/0/2/3/45', 'F', 'PUT', 'admin:sysUser:edit', 3, 0, '', '', 30, 0, 1,
        '2021-05-20 22:08:44.526', '2021-06-17 20:31:14.305', NULL),
       (46, '', '删除管理员', 'app-group-fill', '', '/0/2/3/46', 'F', 'DELETE', 'admin:sysUser:remove', 3, 0, '', '', 20, 0,
        1, '2021-05-20 22:08:44.526', '2021-06-17 20:31:14.305', NULL),
       (51, 'SysMenuManage', '菜单管理', 'tree-table', '/admin/sys-menu', '/0/2/51', 'C', '无', 'admin:sysMenu:list', 2, 1,
        '', '/admin/sys-menu/index', 30, 0, 1, '2021-05-20 22:08:44.526', '2021-06-17 11:48:40.703', NULL),
       (52, 'SysRoleManage', '角色管理', 'peoples', '/admin/sys-role', '/0/2/52', 'C', '无', 'admin:sysRole:list', 2, 1, '',
        '/admin/sys-role/index', 20, 0, 1, '2021-05-20 22:08:44.526', '2021-06-17 11:48:40.703', NULL),
       (211, 'Log', '日志管理', 'log', '/log', '/0/2/211', 'M', '', '', 2, 0, '', '/log/index', 80, 0, 1,
        '2021-05-20 22:08:44.526', '2021-06-17 11:48:40.703', NULL),
       (212, 'SysLoginLogManage', '登录日志', 'logininfor', '/admin/sys-login-log', '/0/2/211/212', 'C', '',
        'admin:sysLoginLog:list', 211, 0, '', '/admin/sys-login-log/index', 1, 0, 1, '2021-05-20 22:08:44.526',
        '2021-06-17 11:48:40.703', NULL),
       (216, 'OperLog', '操作日志', 'skill', '/admin/sys-oper-log', '/0/2/211/216', 'C', '', 'admin:sysOperLog:list', 211,
        0, '', '/admin/sys-oper-log/index', 1, 0, 1, '2021-05-20 22:08:44.526', '2021-06-17 11:48:40.703', NULL),
       (220, '', '新增菜单', 'app-group-fill', '', '/0/2/51/220', 'F', '', 'admin:sysMenu:add', 51, 0, '', '', 1, 1, 1,
        '2020-04-11 15:52:48.000', '2021-06-17 11:48:40.703', NULL),
       (221, '', '修改菜单', 'app-group-fill', '', '/0/2/51/221', 'F', '', 'admin:sysMenu:edit', 51, 0, '', '', 1, 1, 1,
        '2020-04-11 15:52:48.000', '2021-06-17 11:48:40.703', NULL),
       (222, '', '查询菜单', 'app-group-fill', '', '/0/2/51/222', 'F', '', 'admin:sysMenu:query', 51, 0, '', '', 1, 1, 1,
        '2020-04-11 15:52:48.000', '2021-06-17 11:48:40.703', NULL),
       (223, '', '删除菜单', 'app-group-fill', '', '/0/2/51/223', 'F', '', 'admin:sysMenu:remove', 51, 0, '', '', 1, 1, 1,
        '2020-04-11 15:52:48.000', '2021-06-17 11:48:40.703', NULL),
       (224, '', '新增角色', 'app-group-fill', '', '/0/2/52/224', 'F', '', 'admin:sysRole:add', 52, 0, '', '', 1, 1, 1,
        '2020-04-11 15:52:48.000', '2021-06-17 11:48:40.703', NULL),
       (225, '', '查询角色', 'app-group-fill', '', '/0/2/52/225', 'F', '', 'admin:sysRole:query', 52, 0, '', '', 1, 1, 1,
        '2020-04-11 15:52:48.000', '2021-06-17 11:48:40.703', NULL),
       (226, '', '修改角色', 'app-group-fill', '', '/0/2/52/226', 'F', '', 'admin:sysRole:update', 52, 0, '', '', 1, 1, 1,
        '2020-04-11 15:52:48.000', '2021-06-17 11:48:40.703', NULL),
       (227, '', '删除角色', 'app-group-fill', '', '/0/2/52/227', 'F', '', 'admin:sysRole:remove', 52, 0, '', '', 1, 1, 1,
        '2020-04-11 15:52:48.000', '2021-06-17 11:48:40.703', NULL),
       (248, '', '查询登录日志', 'app-group-fill', '', '/0/2/211/212/248', 'F', '', 'admin:sysLoginLog:query', 212, 0, '', '',
        0, 1, 1, '2020-04-11 15:52:48.000', '2021-06-17 11:48:40.703', NULL),
       (249, '', '删除登录日志', 'app-group-fill', '', '/0/2/211/212/249', 'F', '', 'admin:sysLoginLog:remove', 212, 0, '',
        '', 0, 1, 1, '2020-04-11 15:52:48.000', '2021-06-17 11:48:40.703', NULL),
       (250, '', '查询操作日志', 'app-group-fill', '', '/0/2/211/216/250', 'F', '', 'admin:sysOperLog:query', 216, 0, '', '',
        0, 1, 1, '2020-04-11 15:52:48.000', '2021-06-17 11:48:40.703', NULL),
       (251, '', '删除操作日志', 'app-group-fill', '', '/0/2/211/216/251', 'F', '', 'admin:sysOperLog:remove', 216, 0, '', '',
        0, 1, 1, '2020-04-11 15:52:48.000', '2021-06-17 11:48:40.703', NULL),
       (58, 'Dict', '字典管理', 'education', '/admin/dict', '/0/2/58', 'C', '无', 'admin:sysDictType:list', 2, 0, '',
        '/admin/dict/index', 60, '0', '1', '2021-05-20 22:08:44.526', '2021-06-17 11:48:40.703', NULL),
       (59, 'SysDictDataManage', '字典数据', 'education', '/admin/dict/data/:dictId', '/0/2/59', 'C', '无',
        'admin:sysDictData:list', 2, 0, '', '/admin/dict/data', 100, '1', '1', '2021-05-20 22:08:44.526',
        '2021-06-17 11:48:40.703', NULL),

       (236, '', '查询字典', 'app-group-fill', '', '/0/2/58/236', 'F', '', 'admin:sysDictType:query', 58, 0, '', '', 0, '0',
        '1', '2020-04-11 15:52:48.000', '2021-06-17 11:48:40.703', NULL),
       (237, '', '新增类型', 'app-group-fill', '', '/0/2/58/237', 'F', '', 'admin:sysDictType:add', 58, 0, '', '', 0, '0',
        '1', '2020-04-11 15:52:48.000', '2021-06-17 11:48:40.703', NULL),
       (238, '', '修改类型', 'app-group-fill', '', '/0/2/58/238', 'F', '', 'admin:sysDictType:edit', 58, 0, '', '', 0, '0',
        '1', '2020-04-11 15:52:48.000', '2021-06-17 11:48:40.703', NULL),
       (239, '', '删除类型', 'app-group-fill', '', '/0/2/58/239', 'F', '', 'system:sysdicttype:remove', 58, 0, '', '', 0,
        '0', '1', '2020-04-11 15:52:48.000', '2021-06-17 11:48:40.703', NULL),
       (240, '', '查询数据', 'app-group-fill', '', '/0/2/59/240', 'F', '', 'admin:sysDictData:query', 59, 0, '', '', 0, '0',
        '1', '2020-04-11 15:52:48.000', '2021-06-17 11:48:40.703', NULL),
       (241, '', '新增数据', 'app-group-fill', '', '/0/2/59/241', 'F', '', 'admin:sysDictData:add', 59, 0, '', '', 0, '0',
        '1', '2020-04-11 15:52:48.000', '2021-06-17 11:48:40.703', NULL),
       (242, '', '修改数据', 'app-group-fill', '', '/0/2/59/242', 'F', '', 'admin:sysDictData:edit', 59, 0, '', '', 0, '0',
        '1', '2020-04-11 15:52:48.000', '2021-06-17 11:48:40.703', NULL),
       (243, '', '删除数据', 'app-group-fill', '', '/0/2/59/243', 'F', '', 'admin:sysDictData:remove', 59, 0, '', '', 0,
        '0', '1', '2020-04-11 15:52:48.000', '2021-06-17 11:48:40.703', NULL),
       (540, 'SysConfigSet', '参数设置', 'system-tools', '/admin/sys-config/set', '', 'C', '', 'admin:sysConfigSet:list', 2,
        0, '', '/admin/sys-config/set', 0, '0', '1', '2021-05-25 16:06:52.560', '2021-06-17 11:48:40.703', NULL),
       (269, 'ServerMonitor', '服务监控', 'druid', '/sys-tools/monitor', '/0/60/269', 'C', '',
        'sysTools:serverMonitor:list', 537, 0, '', '/sys-tools/monitor', 0, '0', '1', '2020-04-14 00:28:19.000',
        '2021-06-16 21:26:12.446', NULL),
       (459, 'Schedule', '定时任务', 'time-range', '/schedule', '/0/459', 'M', '无', '', 0, 0, '', 'Layout', 20, '0', '1',
        '2020-08-03 09:17:37.000', '2021-06-05 22:15:03.465', NULL),
       (460, 'ScheduleManage', 'Schedule', 'job', '/schedule/manage', '/0/459/460', 'C', '无', 'job:sysJob:list', 459, 0,
        '', '/schedule/index', 0, '0', '1', '2020-08-03 09:17:37.000', '2021-06-05 22:15:03.465', NULL),
       (461, 'sys_job', '分页获取定时任务', 'app-group-fill', '', '/0/459/460/461', 'F', '无', 'job:sysJob:query', 460, 0, '',
        '', 0, '0', '1', '2020-08-03 09:17:37.000', '2021-06-05 22:15:03.465', NULL),
       (462, 'sys_job', '创建定时任务', 'app-group-fill', '', '/0/459/460/462', 'F', '无', 'job:sysJob:add', 460, 0, '', '', 0,
        '0', '1', '2020-08-03 09:17:37.000', '2021-06-05 22:15:03.465', NULL),
       (463, 'sys_job', '修改定时任务', 'app-group-fill', '', '/0/459/460/463', 'F', '无', 'job:sysJob:edit', 460, 0, '', '',
        0, '0', '1', '2020-08-03 09:17:37.000', '2021-06-05 22:15:03.465', NULL),
       (464, 'sys_job', '删除定时任务', 'app-group-fill', '', '/0/459/460/464', 'F', '无', 'job:sysJob:remove', 460, 0, '', '',
        0, '0', '1', '2020-08-03 09:17:37.000', '2021-06-05 22:15:03.465', NULL),
       (471, 'JobLog', '任务日志', 'bug', '/schedule/log', '/0/459/471', 'C', '', '', 459, 0, '', '/schedule/log', 0, '1',
        '1', '2020-08-05 21:24:46.000', '2021-06-05 22:15:03.465', NULL),
       (537, 'SysTools', '系统工具', 'system-tools', '/sys-tools', '', 'M', '', '', 0, 0, '', 'Layout', 30, '0', '1',
        '2021-05-21 11:13:32.166', '2021-06-16 21:26:12.446', NULL);

INSERT INTO dict_types (dict_id, dict_name, dict_type, status, remark, created_at, updated_at,
                        deleted_at)
VALUES (1, '系统开关', 'sys_normal_disable', '2', '系统开关列表', '2021-05-13 19:56:37.914', '2021-05-13 19:56:37.914',
        NULL),
       (2, '用户性别', 'sys_user_sex', '2', '用户性别列表', '2021-05-13 19:56:37.914', '2021-05-13 19:56:37.914', NULL),
       (3, '菜单状态', 'sys_show_hide', '2', '菜单状态列表', '2021-05-13 19:56:37.914', '2021-05-13 19:56:37.914', NULL),
       (4, '系统是否', 'sys_yes_no', '2', '系统是否列表', '2021-05-13 19:56:37.914', '2021-05-13 19:56:37.914', NULL),
       (5, '任务状态', 'sys_job_status', '2', '任务状态列表', '2021-05-13 19:56:37.914', '2021-05-13 19:56:37.914', NULL),
       (6, '任务分组', 'sys_job_group', '2', '任务分组列表', '2021-05-13 19:56:37.914', '2021-05-13 19:56:37.914', NULL),
       (7, '通知类型', 'sys_notice_type', '2', '通知类型列表', '2021-05-13 19:56:37.914', '2021-05-13 19:56:37.914', NULL),
       (8, '系统状态', 'sys_common_status', '2', '登录状态列表', '2021-05-13 19:56:37.914', '2021-05-13 19:56:37.914',
        NULL),
       (9, '操作类型', 'sys_oper_type', '2', '操作类型列表', '2021-05-13 19:56:37.914', '2021-05-13 19:56:37.914', NULL),
       (10, '通知状态', 'sys_notice_status', '2', '通知状态列表', '2021-05-13 19:56:37.914', '2021-05-13 19:56:37.914',
        NULL),
       (11, '内容状态', 'sys_content_status', '2', '', '2021-05-13 19:56:40.813', '2021-05-13 19:56:40.813', NULL);

INSERT INTO dict_data (dict_code, dict_sort, dict_label, dict_value, dict_type,
                       status, remark, created_at, updated_at, deleted_at)
VALUES (1, 0, '正常', '2', 'sys_normal_disable', '2', '系统正常', '2021-05-13 19:56:37.914',
        '2021-05-13 19:56:40.168', NULL),
       (2, 0, '停用', '1', 'sys_normal_disable', '2', '系统停用', '2021-05-13 19:56:37.914',
        '2021-05-13 19:56:37.914', NULL),
       (3, 0, '男', '0', 'sys_user_sex', '2', '性别男', '2021-05-13 19:56:37.914',
        '2021-05-13 19:56:37.914', NULL),
       (4, 0, '女', '1', 'sys_user_sex', '2', '性别女', '2021-05-13 19:56:37.914',
        '2021-05-13 19:56:37.914', NULL),
       (5, 0, '未知', '2', 'sys_user_sex', '2', '性别未知', '2021-05-13 19:56:37.914',
        '2021-05-13 19:56:37.914', NULL),
       (6, 0, '显示', '0', 'sys_show_hide', '2', '显示菜单', '2021-05-13 19:56:37.914',
        '2021-05-13 19:56:37.914', NULL),
       (7, 0, '隐藏', '1', 'sys_show_hide', '2', '隐藏菜单', '2021-05-13 19:56:37.914',
        '2021-05-13 19:56:37.914', NULL),
       (8, 0, '是', 'Y', 'sys_yes_no', '2', '系统默认是', '2021-05-13 19:56:37.914',
        '2021-05-13 19:56:37.914', NULL),
       (9, 0, '否', 'N', 'sys_yes_no', '2', '系统默认否', '2021-05-13 19:56:37.914',
        '2021-05-13 19:56:37.914', NULL),
       (10, 0, '正常', '2', 'sys_job_status', '2', '正常状态', '2021-05-13 19:56:37.914',
        '2021-05-13 19:56:37.914', NULL),
       (11, 0, '停用', '1', 'sys_job_status', '2', '停用状态', '2021-05-13 19:56:37.914',
        '2021-05-13 19:56:37.914', NULL),
       (12, 0, '默认', 'DEFAULT', 'sys_job_group', '2', '默认分组', '2021-05-13 19:56:37.914',
        '2021-05-13 19:56:37.914', NULL),
       (13, 0, '系统', 'SYSTEM', 'sys_job_group', '2', '系统分组', '2021-05-13 19:56:37.914',
        '2021-05-13 19:56:37.914', NULL),
       (14, 0, '通知', '1', 'sys_notice_type', '2', '通知', '2021-05-13 19:56:37.914',
        '2021-05-13 19:56:37.914', NULL),
       (15, 0, '公告', '2', 'sys_notice_type', '2', '公告', '2021-05-13 19:56:37.914',
        '2021-05-13 19:56:37.914', NULL),
       (16, 0, '正常', '2', 'sys_common_status', '2', '正常状态', '2021-05-13 19:56:37.914',
        '2021-05-13 19:56:37.914', NULL),
       (17, 0, '关闭', '1', 'sys_common_status', '2', '关闭状态', '2021-05-13 19:56:37.914',
        '2021-05-13 19:56:37.914', NULL),
       (18, 0, '新增', '1', 'sys_oper_type', '2', '新增操作', '2021-05-13 19:56:37.914',
        '2021-05-13 19:56:37.914', NULL),
       (19, 0, '修改', '2', 'sys_oper_type', '2', '修改操作', '2021-05-13 19:56:37.914',
        '2021-05-13 19:56:37.914', NULL),
       (20, 0, '删除', '3', 'sys_oper_type', '2', '删除操作', '2021-05-13 19:56:37.914',
        '2021-05-13 19:56:37.914', NULL),
       (21, 0, '授权', '4', 'sys_oper_type', '2', '授权操作', '2021-05-13 19:56:37.914',
        '2021-05-13 19:56:37.914', NULL),
       (22, 0, '导出', '5', 'sys_oper_type', '2', '导出操作', '2021-05-13 19:56:37.914',
        '2021-05-13 19:56:37.914', NULL),
       (23, 0, '导入', '6', 'sys_oper_type', '2', '导入操作', '2021-05-13 19:56:37.914',
        '2021-05-13 19:56:37.914', NULL),
       (24, 0, '强退', '7', 'sys_oper_type', '2', '强退操作', '2021-05-13 19:56:37.914',
        '2021-05-13 19:56:37.914', NULL),
       (25, 0, '生成代码', '8', 'sys_oper_type', '2', '生成操作', '2021-05-13 19:56:37.914',
        '2021-05-13 19:56:37.914', NULL),
       (26, 0, '清空数据', '9', 'sys_oper_type', '2', '清空操作', '2021-05-13 19:56:37.914',
        '2021-05-13 19:56:37.914', NULL),
       (27, 0, '成功', '0', 'sys_notice_status', '2', '成功状态', '2021-05-13 19:56:37.914',
        '2021-05-13 19:56:37.914', NULL),
       (28, 0, '失败', '1', 'sys_notice_status', '2', '失败状态', '2021-05-13 19:56:37.914',
        '2021-05-13 19:56:37.914', NULL),
       (29, 0, '登录', '10', 'sys_oper_type', '2', '登录操作', '2021-05-13 19:56:37.914',
        '2021-05-13 19:56:37.914', NULL),
       (30, 0, '退出', '11', 'sys_oper_type', '2', '', '2021-05-13 19:56:37.914',
        '2021-05-13 19:56:37.914', NULL),
       (31, 0, '获取验证码', '12', 'sys_oper_type', '2', '获取验证码', '2021-05-13 19:56:37.914',
        '2021-05-13 19:56:37.914', NULL),
       (32, 0, '正常', '1', 'sys_content_status', '1', '', '2021-05-13 19:56:40.845',
        '2021-05-13 19:56:40.845', NULL),
       (33, 1, '禁用', '2', 'sys_content_status', '1', '', '2021-05-13 19:56:40.845',
        '2021-05-13 19:56:40.845', NULL);

INSERT INTO jobs (job_id, job_name, job_group, job_type, cron_expression, invoke_target, args, misfire_policy, concurrent, status, entry_id, created_at, updated_at, deleted_at)VALUES
(1, '接口测试', 'DEFAULT', 1, '0/5 * * * * ', 'http://localhost:8000', '', 1, 1, 1, 0, '2021-05-13 19:56:37.914', '2021-06-14 20:59:55.417', NULL),
(2, '函数测试', 'DEFAULT', 2, '0/5 * * * * ', 'ExamplesOne', '参数', 1, 1, 1, 0, '2021-05-13 19:56:37.914', '2021-05-31 23:55:37.221', NULL);
-- 数据完成 ;